PID,z1,z2,z3,z4,z5,z6,z7,z8,z9,z10,z11,z12,z13,z14,z15,z16,z17,z18,z19,z20,z21,z22,z23,z24,z25,z26,z27,z28,z29,z30,z31,z32,mu1,mu2,mu3,mu4,mu5,mu6,mu7,mu8,mu9,mu10,mu11,mu12,mu13,mu14,mu15,mu16,mu17,mu18,mu19,mu20,mu21,mu22,mu23,mu24,mu25,mu26,mu27,mu28,mu29,mu30,mu31,mu32,logvar1,logvar2,logvar3,logvar4,logvar5,logvar6,logvar7,logvar8,logvar9,logvar10,logvar11,logvar12,logvar13,logvar14,logvar15,logvar16,logvar17,logvar18,logvar19,logvar20,logvar21,logvar22,logvar23,logvar24,logvar25,logvar26,logvar27,logvar28,logvar29,logvar30,logvar31,logvar32,reconstruction_error
1002688,-0.17510876,0.60719395,-0.94486773,0.15267724,1.3702186,0.4685362,0.4605834,0.22763276,-1.5466243,-0.82571554,0.55310637,-0.36452964,-1.3201113,-0.92846674,-1.9721912,-1.6612782,-0.111457944,-1.2770746,-1.1437312,-0.40700638,-0.09862727,0.47281715,0.6632842,-0.87887836,-0.60029846,-0.7564267,-1.2226685,1.6030682,0.3659501,1.8583703,-1.1972936,-0.5129955,-0.21568312,0.8934149,-0.34152618,-0.04071299,0.19138613,-0.5923341,0.63047206,-0.062935255,-0.7022499,0.25099877,0.55408764,-0.06225433,-0.122122064,-0.12585443,-0.1136661,-0.21253987,-0.36312306,-0.22318381,0.12907735,-0.032515973,-0.54939204,0.35191453,-0.23853952,0.1308606,-0.8914586,-0.45179448,-0.50787306,0.04840682,-0.15553015,0.41327876,-0.035087038,-0.6741849,-0.08942455,-0.27347165,-0.24278231,-0.14763205,-0.07591172,-0.08884499,-0.121972665,0.010610722,-0.07817818,-0.10847426,-0.16650999,-0.053840082,0.11356519,-0.07422994,-0.015547803,0.054665495,-0.09410426,-0.061427847,0.0011427328,0.01842243,-0.028107405,-0.061191924,-0.0036304207,-0.014257843,-0.18879762,-0.06939273,-0.17858353,0.012081191,0.0061486866,-0.08612372,0.014536917,-0.0046823993,0.10242456
1003256,1.623165,-0.4481335,0.08778578,1.7648053,-0.23169604,-0.20273986,-0.35816446,1.4761676,0.6239864,-1.4726176,-0.12233782,0.509933,0.29280436,1.17777,0.47632313,-0.061686367,0.016731977,1.4945929,0.5239568,-0.1955452,-0.12789454,-0.9828919,0.93765616,1.2035991,1.0234678,0.9065243,0.895087,0.8925437,0.70388395,-1.0239916,1.1636932,1.1933208,0.11394355,-0.50174415,0.33971554,0.00868088,-0.12753767,0.35985968,-0.33979708,0.087460905,0.33956993,-0.039653875,-0.3037719,0.24672388,0.06918923,0.16029893,-0.0068271095,0.17204286,0.21503086,0.2019728,0.04794744,-0.0053358227,0.15554465,-0.2282328,0.14052668,-0.06877218,0.47665122,0.21745306,0.41546285,-0.01581503,0.095495105,-0.07176432,0.09754272,0.4466246,0.002287209,-0.13465624,-0.06890946,0.028669681,0.007519098,-0.012871062,-0.052792,-0.053998135,-0.1687386,-0.03248988,-0.07223852,-0.02526785,-0.045179494,-0.031768486,-0.026995827,-0.024315123,-0.14576685,-0.015584908,-0.06375322,-0.008617646,-0.048977807,-0.104723066,-0.017840434,-0.036612995,-0.23587039,-0.049961492,-0.14783394,-0.03573328,-0.041216012,-0.006778799,0.055851035,-0.16591647,0.3858703
1004007,0.06783478,-0.34125116,-0.82831156,-1.3414865,-0.110657185,0.536026,0.4347638,1.9116914,0.11435592,-0.48488387,0.48120895,0.8513558,0.9510489,0.85329765,1.1388354,-0.15704498,-0.47802526,0.18039894,1.8717122,-0.25203192,-0.513608,-0.6941225,0.16824321,-0.7267098,1.3262589,-1.0710521,-0.38371903,0.6839823,-1.2301754,-0.7920964,1.5400296,-1.4933763,0.1336345,-0.45287317,0.23579392,-0.016676486,-0.050127417,0.37795448,-0.23616053,0.16665217,0.37051836,-0.015084326,-0.1544672,0.062270865,0.10733223,0.08812563,0.08200144,0.13337064,0.17777044,0.1083682,-0.013167147,0.040374562,0.11090782,-0.19582371,0.1140853,-0.13722752,0.4463987,0.19658178,0.38298237,0.014037073,-0.005183884,-0.055820003,0.04946308,0.38065854,0.012350671,-0.09238355,-0.060687542,0.023350354,0.024351628,-0.019485425,-0.06694672,-0.01126086,-0.08286972,-0.0117570665,-0.050574206,-0.025406536,-0.0056170635,-0.04425224,-0.059150632,-0.031952735,-0.06393103,-0.003977895,-0.004006833,-0.008561099,-0.004035525,-0.046150893,-0.014794346,0.014472244,-0.17792383,-0.03873209,-0.039585326,0.009132676,-0.027943254,-0.024997205,0.07063551,-0.04896298,0.14114675
1004800,0.13103431,-0.06474656,-0.5683359,0.55067027,-0.6103826,-0.96975875,-0.59234625,0.19685341,0.76870584,1.1333202,-0.13008136,0.36804995,-0.020091608,0.20988682,0.8907808,-0.51884556,-0.62045443,0.96965694,1.6755128,1.9668515,-1.5684954,0.27756774,-0.12205602,0.07954824,0.7583836,0.120807335,-1.3538661,0.62348515,-0.66476023,-1.6095248,-0.9796167,0.41522673,0.09879956,-0.4301159,0.23553184,-0.01723919,-0.06823151,0.37620473,-0.22578935,0.16276342,0.35552722,-0.01604142,-0.17945212,0.049692094,0.115510404,0.08430144,0.09424852,0.12666938,0.17178246,0.09533085,-0.016068168,0.023248723,0.15496942,-0.1591578,0.13912748,-0.12616162,0.41916013,0.19013238,0.35656247,-0.013292596,0.0011820141,-0.06947236,0.023345195,0.42627835,0.012363203,-0.106704056,-0.057583004,0.030782599,0.038049653,0.0012101922,-0.05178593,-0.029778257,-0.097745284,-0.0069160014,-0.048656866,-0.04290262,-0.022418179,-0.0111609325,-0.054828785,-0.012090471,-0.09160965,0.006287575,-0.0229804,-0.009261912,-0.02790445,-0.061301023,-0.0024320888,0.008814886,-0.19896534,-0.036967933,-0.04147455,-0.019780088,-0.021758556,-0.019582815,0.09537358,-0.075088516,0.45197138
1011696,0.95675087,-0.41923428,0.2400302,0.5649081,-0.48096263,-1.1104622,0.41098613,-0.85100114,-0.6611678,0.099759005,0.4273848,0.14881068,-1.6641877,1.0061306,-0.004076531,-0.88277864,0.571082,-1.8138359,-1.0264752,-0.7579589,-0.37173033,1.1441274,-0.29051673,0.53400075,-1.7919811,-0.82335323,0.29198313,2.9275694,-0.50291896,1.6209497,-0.04698112,-2.1910892,-0.31262228,1.1820465,-0.45702514,-0.095832,0.1464441,-0.65788466,0.6899846,0.021561578,-0.827458,0.18451098,0.774389,-0.16464022,-0.08347982,-0.19616248,0.015057357,-0.23093164,-0.3704737,-0.36095458,0.020339027,-0.1071614,-0.46826655,0.58448946,-0.16674013,0.004974734,-0.9846459,-0.59702325,-0.74730086,0.039320126,-0.16141972,0.31887746,-0.06387763,-0.74262035,-0.041541375,-0.26310843,-0.20870483,-0.12994033,-0.049395926,-0.2181718,-0.17977092,0.0077373944,-0.042969335,-0.1800126,-0.1763758,-0.018109858,0.09408873,0.023599885,-0.006643644,0.0487884,-0.012021018,-0.009854116,-0.07791731,-0.07822157,-0.07472026,-0.1127511,0.05127524,0.00797805,-0.3325255,-0.1068923,-0.18979892,0.060491547,0.07112201,-0.0837055,-0.055919036,-0.05685532,1.2906165
1012034,-0.88548625,-1.7231233,0.41009176,-0.8005526,-0.60083306,-0.1266655,-2.0485005,-0.14626506,-0.10778332,-0.4458854,-0.68900263,-0.22054365,0.272332,0.9816763,0.7955902,-0.2657254,0.8406051,0.46703124,-0.7517675,1.6497313,1.311136,1.3207828,-0.104253516,0.048471406,0.8640784,-0.6533864,3.301169,-0.8999161,-0.6773217,-0.2362029,-0.30846894,0.4044119,0.13758913,-0.46802348,0.26395425,-0.03104002,-0.1084294,0.39704785,-0.28252655,0.16556963,0.44086748,-0.038898163,-0.22452661,0.08034518,0.09494522,0.09150867,0.1282692,0.16286364,0.22129364,0.13202922,-0.030579653,0.0016556066,0.17943953,-0.16845277,0.14631332,-0.14325267,0.51197475,0.2042755,0.40804413,0.023422819,0.018432086,-0.053599894,0.027795903,0.49736595,-0.0049834438,-0.11519018,-0.05372382,0.030945364,0.068847634,0.048754487,-0.06879218,-0.05982755,-0.06995402,-0.022745293,-0.050768636,-0.010388747,-0.020470347,0.022120483,-0.049282897,-0.034301896,-0.1092232,-0.029510647,-0.02156587,-0.021153864,-0.04232692,-0.08894306,-0.01634911,-0.030463202,-0.23193184,-0.08598679,-0.079828605,-0.036721017,-0.024909126,0.00091302395,0.049505904,-0.12971061,0.054748453
1013103,-0.18291877,0.16764781,0.47875702,0.552059,0.42601943,0.8963763,1.665574,0.9422294,0.41639078,-0.40977037,-0.19871901,0.21641125,0.9501811,1.5971408,0.8735309,-0.81754464,-1.1909674,-0.79263496,1.1235181,0.6818344,-0.29929483,1.4483088,0.983676,-1.1586487,0.85357213,-0.8922818,0.14294219,-0.1008275,0.53582865,0.057211116,-0.102022454,0.011000067,0.056016013,-0.24945667,0.107036784,0.04517349,-0.062416717,0.19711448,-0.11075489,0.06964276,0.20882377,-0.008819256,-0.10887332,0.08024791,0.029248968,0.041308414,-0.012233905,0.029584013,0.11270089,0.08948095,0.017373087,-0.021846414,0.053250983,-0.04836257,0.07565755,-0.013399921,0.23525211,0.1292337,0.1851163,-0.038384248,0.04929531,-0.017486393,0.042548057,0.22263584,-0.034709007,-0.08032127,-0.03892831,-0.0022985078,-0.007147649,-0.0022942587,-0.059850022,-0.028583057,-0.0645345,6.789714e-05,-0.023025617,-0.03294649,0.006675856,-0.045196425,-0.028353993,0.02861921,-0.0802121,-0.06631151,0.01271338,0.0015392387,-0.0062020943,-0.073297754,0.0014212024,-0.025271634,-0.15915018,-0.041705355,-0.09234901,0.029759608,-0.019208629,-0.04234452,0.038754478,-0.08340469,0.15284236
1015377,1.2985609,1.0501897,-0.98700404,0.9865009,1.3042748,1.8753647,-0.7442257,-0.52360183,1.0390315,-2.2835128,0.81066465,-0.6151211,-1.416877,1.3889621,-1.4419594,2.0470254,-0.22657868,-1.451211,-0.24190894,-0.035834692,-0.49902177,-0.57946247,0.8852402,-0.20341325,-0.10959035,-0.0074493736,0.45055345,2.8432417,-0.3916105,-0.18390138,-0.7020593,0.027706504,0.23532179,-0.57597226,0.25599083,-0.17214328,-0.00765457,0.5370836,-0.36394763,0.39069653,0.6507934,-0.13666603,-0.1594145,-0.1801499,0.24500313,0.03818131,0.28749317,0.27221948,0.245852,0.006787725,-0.18561359,0.09951662,0.22683816,-0.25817692,0.15477507,-0.42258376,0.8178933,0.22008994,0.53538305,0.19298296,-0.17170656,-0.12041965,-0.055400264,0.6820166,0.13050082,-0.15116483,-0.025825664,0.102109104,0.09892846,0.04685231,-0.10735119,-0.07317344,-0.051403876,-0.019582322,-0.059684522,0.070643,0.03582853,0.039444014,-0.023052529,-0.043000665,-0.072651,0.028750569,-0.01969061,-0.052115154,-0.09052573,-0.010786219,-0.016974315,0.006641427,-0.22966185,-0.023493767,0.027034834,-0.010164723,-0.06773995,0.037872404,0.046514943,-0.11439364,1.0295249
1016890,-0.3594271,-1.16691,-2.1744528,-0.9576062,0.44761994,-0.09793992,0.20307988,0.44797093,-0.07860331,0.40644833,-0.5763791,0.053303882,0.21118852,-1.1294259,0.114547536,-1.0873065,0.27331823,0.5850601,0.037672505,0.1726361,-0.27207685,0.92509556,-0.07792869,1.1118475,-3.3711803,-0.24683374,-0.78518873,-0.0018187743,1.1527337,-1.766481,0.7399872,0.20463222,0.0135138,-0.04521837,-0.045379613,-0.018454537,0.09128854,0.067640394,0.026574409,0.16475311,0.13094185,-0.039825894,0.072416015,-0.18212041,0.07566736,-0.083145574,0.07763707,-0.030798888,0.016248412,-0.07678655,-0.07787876,0.01671158,-0.03881999,0.016326886,0.016287107,-0.06216097,0.122946635,0.06342283,0.022314733,0.016650919,-0.1184141,0.07013039,-0.029784616,0.115416266,-0.025699563,-0.1127743,-0.100151695,-0.004691761,-0.016058164,-0.008547377,-0.06683785,-0.018123306,-0.038099732,0.01842413,-0.0013719201,0.019102752,0.054436103,-0.071820684,0.02586413,0.059746325,-0.06082979,-0.020233586,0.0053116605,0.0062129167,-0.0109670535,-0.0009465143,-0.0019022645,0.035924762,-0.11317746,0.030811258,-0.042586748,0.052344806,-0.013870931,-0.041111693,0.048331954,-0.026965141,0.86642337
1018708,0.57904816,1.7001902,-0.3290212,1.4092672,0.8108564,-0.15695655,-1.1002306,-0.54870117,-0.68820536,0.0675797,1.3412578,-1.9332181,0.35789025,1.2210083,0.7233551,-0.045403324,-0.07630929,0.31726587,-0.69513726,-1.2348639,-0.17513879,-0.52622896,1.3358873,1.6228197,0.57628316,0.70349205,1.1351217,0.8454889,0.6044789,0.17397988,-0.593121,-0.22864118,-0.044762272,0.16040254,-0.15439367,0.018820465,0.038668647,-0.06574821,0.17856872,0.11902456,-0.02953004,0.014045704,0.16345507,-0.11426112,0.016331926,-0.07742949,0.008427904,-0.09265005,-0.023544617,-0.042547937,-0.047738407,-0.0066576637,-0.1141088,0.16864608,0.021056175,0.022641987,-0.08535985,-0.03010413,-0.092531234,-0.043111373,-0.05749817,0.0041293614,-0.03995623,-0.013930539,-0.01978691,-0.14856084,-0.080988504,-0.017684542,-0.05672664,-0.05123892,-0.07026446,-0.058473304,0.0028736293,0.021006087,-0.034069814,0.00028543174,0.037939098,-0.06648948,0.013223395,0.06262627,-0.040031597,-0.045616306,0.006359875,0.019160736,-0.017800257,-0.034627218,0.023295969,-0.022290358,-0.0859092,0.021600164,-0.053528234,0.03698732,0.032383762,-0.066392206,-0.014769051,-0.03463395,0.3721366
1019264,1.5310881,-2.0884156,-0.82806104,-1.4050319,1.4084558,0.44602236,-0.36632812,0.6463614,0.099515036,0.09025568,0.108816594,-0.17897259,-0.07419434,-0.9434893,-0.57956505,-0.036879867,0.49635693,0.42413998,0.6180886,0.18389103,0.2275641,-0.64757544,-0.5738897,-0.83424664,1.123283,-1.8789636,1.6460097,-1.0637418,1.5121098,0.4452153,2.6646512,0.7768749,0.099048175,-0.42498675,0.24911934,0.021121122,-0.08700289,0.34764084,-0.23085625,0.09579687,0.31814805,-0.010398507,-0.21242213,0.14012949,0.06453107,0.11252785,0.029390793,0.11512333,0.17536288,0.13973652,0.025772028,0.010970464,0.122907445,-0.1822236,0.12792726,-0.05858171,0.39812586,0.1911017,0.35475227,-0.024705395,0.05834691,-0.042309858,0.06295857,0.37554625,-0.016700737,-0.106918275,-0.0690177,0.01311497,0.019191425,-0.012086198,-0.05622182,-0.0274264,-0.10612318,-0.018562272,-0.0627671,-0.036303993,-0.025275633,-0.048889,-0.046104,-0.026344057,-0.09833768,-0.025952838,-0.028921232,-0.010772342,-0.01969555,-0.07701966,-0.011922468,-0.020024108,-0.18961921,-0.05885358,-0.09460013,-0.011682995,-0.019545104,-0.027579382,0.06805228,-0.10352765,0.073227756
1019533,-1.083483,0.42976356,-1.4662715,-0.832485,0.97984934,0.9318204,-0.41264373,-1.363804,-0.5424617,1.1538705,1.0196934,-0.8394268,-1.5333639,-0.75864244,0.08783127,1.5122514,1.3835629,0.17583957,-0.5371707,-1.0751028,-0.11043687,-2.1164718,-0.23166324,1.4900589,-0.5048876,-0.17958021,0.10109463,0.8537031,0.4407143,-0.6968503,0.52363926,-1.4023741,0.13893552,-0.46653998,0.24017265,-0.05289135,-0.056949615,0.4315948,-0.25665092,0.21517739,0.4354878,-0.032679014,-0.17306161,0.009206098,0.14197472,0.09553334,0.13447468,0.16920458,0.16785207,0.08140038,-0.051762972,0.06447031,0.1600415,-0.19498631,0.14535724,-0.21917261,0.52992415,0.19648638,0.40651307,0.030191448,-0.02084954,-0.0836471,0.018912815,0.47195733,0.046546377,-0.109605715,-0.043972652,0.033242416,0.053458586,0.0005201674,-0.072411895,-0.042332895,-0.070539415,-0.00932483,-0.06105922,-0.023900367,-0.013213545,-0.016121015,-0.04895944,-0.036849614,-0.07406352,0.004453227,-0.023776166,-0.015579888,-0.038894385,-0.029829204,-0.00797739,-0.006190961,-0.21858639,-0.03015589,-0.018895574,-0.006430369,-0.04330605,-0.014311083,0.085836016,-0.07742961,1.1166657
1019875,0.8741603,0.31564882,-0.22892758,0.59280103,0.8211019,1.5009921,-0.22150916,-0.15253684,1.8645635,1.1108572,-1.6850556,0.11331203,-0.15769091,-1.0416751,-0.014009926,-0.028258324,0.28901505,-1.1778059,-0.25871152,-1.7529238,0.6712582,0.20570606,0.27788258,0.3693847,0.8091893,2.3152936,-0.7971718,1.0169065,0.054538973,2.45908,0.096892,1.0663205,0.08801815,-0.393315,0.19845036,0.064711265,-0.034690738,0.29372784,-0.18490721,0.063899465,0.25621396,0.015903573,-0.17541242,0.17735903,0.037224345,0.11237346,-0.020295616,0.103505045,0.15590115,0.11503896,0.04977443,0.045035973,0.072841495,-0.18874851,0.08411352,-0.0048157275,0.29976755,0.19186306,0.32338673,-0.011704199,0.05149764,-0.037720688,0.09135957,0.2559739,-0.020484976,-0.08214181,-0.078772806,0.010897789,-0.01891375,-0.06044592,-0.06407769,0.0018547699,-0.11380601,-0.028628554,-0.04186488,-0.057361986,-0.03165353,-0.08842951,-0.05907925,-0.023578215,-0.06791437,-0.03768362,-0.015782632,-0.013980434,0.0021045208,-0.050289586,-0.020847123,0.013947267,-0.16151246,-0.04275454,-0.09641726,0.008227587,-0.028531464,-0.04396923,0.06367582,-0.026574671,0.18823355
1022717,-0.4149639,-0.61416036,-0.2833309,0.057558946,0.019083738,-0.6296516,0.30022871,-1.6108003,1.2601535,0.09160547,-0.7983515,0.84002113,-1.1763244,1.7185835,-1.8355705,1.2170562,0.23064624,-0.35186502,-0.6555879,-0.06583542,-0.27508795,0.51458895,1.2454064,-2.6261916,0.109087735,1.6787046,-0.7970153,1.7902695,1.2157062,-0.05333371,2.1948168,0.9446895,0.07714212,-0.37901247,0.23332873,0.023792148,-0.12852398,0.2640013,-0.22618331,0.023057163,0.27424198,-0.0020603128,-0.22021407,0.16410331,0.037191175,0.09631947,-0.016247299,0.12400052,0.15805879,0.13685942,0.077706985,-0.025375072,0.15256973,-0.117921874,0.14526945,-0.05762402,0.32972056,0.16445234,0.2634937,-0.021280684,0.14956486,-0.057945244,0.07349122,0.34234816,-0.04824783,-0.0685376,-0.0713873,-0.0015736595,0.013542682,0.0131263,-0.058789667,-0.07772625,-0.052227903,-0.024952974,-0.047448926,-0.040289246,-0.019421082,-0.0027198046,-0.032431275,-0.0019274019,-0.10183208,-0.08218616,-0.03384707,-0.013204346,-0.032843217,-0.092236,0.012389334,-0.052686654,-0.28667107,-0.10258935,-0.16606794,0.022665817,-0.0427117,-0.0039668456,0.048367642,-0.19744232,0.49031782
1025716,-1.0052898,0.134682,-0.50402516,-0.22939716,0.58972883,-1.1460607,0.9809652,-0.37714183,1.4182794,-0.097348005,-1.391142,2.9930084,-0.3734221,-0.19931428,0.09907195,1.1204118,-0.3916189,2.0566711,1.0983744,-0.9263612,-0.22546689,2.0225666,0.45649588,1.3370577,0.45214054,1.4933302,-0.68775517,-0.04171311,1.051559,0.5397345,-0.1891427,-0.59488654,0.09679447,-0.5443065,0.3892892,-0.01508747,-0.18133502,0.42495972,-0.3772691,0.087857425,0.4124316,0.007761348,-0.33582762,0.27597266,0.073011704,0.17781098,0.035010196,0.21965332,0.22480567,0.19938983,0.050394963,0.0068592,0.21792851,-0.22434029,0.17510425,-0.108608395,0.5158681,0.22206825,0.4336967,-0.021431528,0.13456704,-0.0969688,0.08146564,0.5319121,-0.008253593,-0.10471983,-0.04405156,0.011061382,0.034028884,0.017975166,-0.060091846,-0.092102535,-0.12951955,-0.023205427,-0.104334556,-0.03349629,-0.061258346,0.0029720217,-0.07159997,-0.05321439,-0.13503748,-0.03801039,-0.09836449,-0.053072803,-0.04718408,-0.10508126,-0.025398212,-0.04767803,-0.31611642,-0.10079831,-0.13905202,-0.055953983,-0.03643813,0.02487138,0.060700394,-0.2196405,1.347398
1027707,-0.2739309,-0.15577328,0.052101076,0.905784,0.8404486,2.1764576,-1.4297364,-0.9076013,-0.5065017,1.4995254,-0.7116373,-0.5200628,1.8005952,-0.625942,0.009723395,0.7610587,2.2854226,0.5249073,-2.1336102,2.603138,-1.7485267,0.31826454,-0.5798447,-1.3531137,0.36859238,-0.43876842,-0.17829543,-0.11393625,0.9100455,-1.4831892,-0.103224054,1.0973694,0.17324007,-0.57002634,0.33604535,-0.052905627,-0.08359465,0.4721922,-0.33164805,0.22458631,0.49493504,-0.043264538,-0.22077611,0.057832282,0.16586553,0.1229372,0.16023268,0.22476129,0.22314599,0.14474584,-0.07152197,0.034354046,0.18221681,-0.24044257,0.14525479,-0.1908016,0.580846,0.23415253,0.5041701,0.043775655,-0.05494061,-0.08280434,0.017548073,0.55478233,0.036847077,-0.13328625,-0.050409283,0.03138501,0.06390038,0.0043968298,-0.074983984,-0.016671956,-0.11937778,0.0044605304,-0.061816685,-0.016630083,-0.021469306,0.009613141,-0.058648054,-0.05028413,-0.10335146,0.041921988,-0.018012427,-0.015968228,-0.011584543,-0.07050246,-0.036450237,0.021177476,-0.21884748,-0.024884805,-0.005542591,-0.041458745,-0.019369781,0.009138361,0.0695374,-0.068315744,0.18904454
1033544,0.40300998,0.7906886,-0.15271088,0.64299095,-0.62737775,-0.6399635,-0.6560642,1.0131984,-0.11362281,-0.15854153,0.46248364,1.9022825,0.5264105,0.28330782,0.024216194,0.73550516,-0.6090421,0.17378551,1.1842687,-0.52388835,0.84022236,-1.5858884,0.24721797,1.5257998,1.0050539,-0.040187187,-0.29101813,-0.28731173,1.4281449,0.7332068,-0.120583415,0.35803515,-0.004764702,0.06477406,-0.056467712,0.038794853,-0.025639527,0.0047386363,0.09544392,0.08598361,0.0119031,0.01372366,0.104816586,-0.028222311,0.0062089674,-0.04112046,-0.014401979,-0.059083242,0.01094275,-0.0009502247,-0.04229882,-0.06848679,-0.043546297,0.16548897,0.08111438,-0.001517795,-0.034306407,-0.024475656,-0.057851437,-0.0912984,0.02703977,-0.014960699,0.0018980876,0.035957634,-0.033109974,-0.1042584,-0.040232383,-0.022074278,-0.008568503,-0.048403814,-0.06419781,-0.04519918,-0.003349863,-0.02872674,-0.047557116,-0.024876904,0.03512368,-0.055841774,0.0031896532,0.053114675,-0.047360197,-0.06863968,0.01279103,0.0051032007,-0.024349965,-0.08089143,0.006366289,-0.01726714,-0.16413736,-0.032338277,-0.0984449,0.054237746,0.0025367048,-0.10876671,-0.021424681,-0.04922135,0.3003235
1033769,-0.19753559,-0.89010775,-1.410847,-0.75554264,0.45605615,2.1295197,0.10089591,0.39790222,0.6891679,0.28279495,2.0376155,0.95857584,-2.4277825,1.2942258,-1.1578707,-1.3344053,1.4469095,-1.4693075,-1.070848,-1.3564571,0.98212165,0.5678785,-1.0837018,-1.9761621,-0.68668973,0.112921864,0.21418689,1.251799,-0.99243957,0.11381713,1.0925796,0.8359431,0.12663792,-0.42551672,0.22973448,-0.020194761,-0.05340734,0.3382829,-0.25154,0.1561378,0.36091614,-0.047501266,-0.17158586,0.14345065,0.1031477,0.10596767,0.05787198,0.16299297,0.23744838,0.122510076,0.010162361,0.025118446,0.11835991,-0.19710663,0.07541001,-0.07208958,0.4073093,0.20349173,0.37703016,0.050509173,-0.0021875864,-0.04005619,0.07246226,0.37033543,-0.004632417,-0.10926925,-0.075948425,0.038547385,0.022503337,-0.0023631803,-0.07716486,-0.022309072,-0.13491248,-0.022649087,-0.012138698,-0.027629923,-0.020020802,-0.023574114,-0.05051413,0.018699702,-0.09129781,-0.0034778938,-0.0019946322,-0.0067660064,-0.0037434474,-0.10068321,-0.03979165,0.010056905,-0.19588318,-0.045409016,-0.09632279,-0.013143752,-0.02007895,-0.053610824,0.03755021,-0.038322285,0.52575815
1034964,0.30824238,-0.5055027,-0.66352737,0.3578043,0.085103124,0.11240646,0.5619592,0.40890583,-0.6691719,0.4598576,-0.72302735,0.3119337,-1.0193316,-1.0288501,-1.1269153,0.6133455,-0.7246506,-0.3249827,-0.7427764,0.53238827,-1.2559261,1.398525,-0.73796487,0.96768826,-0.46368536,-0.21837609,-0.058187515,0.15619776,-1.8752472,0.94394624,1.4824029,1.2615473,-0.13425197,0.49633312,-0.217439,0.11771295,0.16373117,-0.41104105,0.41678202,-0.14512488,-0.46288487,0.22232345,0.2515341,0.19131622,-0.18252489,-0.004466839,-0.24192448,-0.181164,-0.23691368,-0.022836495,0.2629646,0.07097296,-0.45607865,0.025795728,-0.3278502,0.1904399,-0.6483936,-0.22964886,-0.21603648,0.09201506,-0.0844743,0.4168773,0.08461354,-0.51936704,-0.09550309,-0.23006888,-0.1853944,-0.08216865,-0.06388686,-0.025618799,-0.18264729,-0.0549047,-0.11436862,-0.09111365,-0.031452306,-0.10577501,0.070172645,-0.10429168,-0.05729575,0.043968994,-0.11425935,-0.13634872,0.036763437,-0.014645382,-0.017610721,-0.04676178,-0.059563834,-0.043776363,-0.15940017,-0.05397046,-0.20206243,0.0056224875,-0.012239946,-0.12596497,0.049274392,0.053404372,0.5142869
1036119,-0.17064267,0.064425096,-0.4440516,1.1827964,0.1832394,1.0917411,1.6108761,-1.6988264,2.2579932,1.648684,-0.52918696,-0.9422861,-0.7179799,0.36322156,1.8003665,-1.8309815,-1.3570704,-0.89392143,0.3649532,-1.1602293,-0.78078026,-0.09459764,0.61134225,-1.3798027,-0.20858373,1.7043923,1.2308836,-0.018658698,-1.175648,1.4390044,0.082243584,1.1831186,0.03618586,-0.150015,0.02542182,0.031689774,0.08404419,0.067603685,0.016635198,0.08979485,0.1238666,0.0038877726,0.036672015,-0.04915541,0.033123016,-0.038179852,0.0524211,-0.00844508,0.022777304,-0.030117847,0.029544026,-0.026446482,-0.06564538,-0.018429782,-0.007144927,-0.030346334,0.13909705,0.08206244,0.08053622,0.04609769,-0.05981492,0.0672948,0.018335566,0.08948369,-0.037234813,-0.09673022,-0.077669084,-0.056645337,-0.0021717283,-0.015052607,-0.047456577,0.03302349,-0.033657502,0.0147201475,0.003937453,-0.067757264,0.034263525,-0.07940954,-0.0010951147,0.043143027,-0.101263866,-0.097037576,0.0135362,0.009518907,0.050881766,-0.018724883,-0.028945837,0.051435098,-0.0713736,-0.055918347,-0.034216326,0.026152695,-0.05388019,-0.022603951,0.07313041,0.0077039003,0.24268357
1040453,0.78210986,1.6494966,-0.5086852,-1.7899202,-1.2722496,0.46463108,-0.49447602,1.5287029,1.1904703,0.22323808,-1.2209115,-0.6760687,-0.97179353,-0.99590933,-0.6330862,-0.2964803,1.0448617,-0.6485314,-0.100887194,0.58223575,-1.6523986,-1.7615409,0.2924564,-1.5418363,2.1891458,0.55169284,-0.045327783,0.9888035,1.0615339,-1.1855984,0.5400123,0.458232,0.20956704,-0.46549052,0.17414057,-0.2105222,0.056410216,0.5309424,-0.30429596,0.4583324,0.6643265,-0.18522638,-0.107539326,-0.34065372,0.28634918,-0.038163234,0.3414326,0.2106594,0.23916176,-0.10230951,-0.29178715,0.07089293,0.22785781,-0.20685714,0.12119584,-0.465194,0.7959571,0.20554546,0.4520628,0.2297245,-0.22726753,-0.087895334,-0.1303337,0.67675406,0.15384658,-0.1792862,-0.03766688,0.11700381,0.10100953,-0.0049225893,-0.13682023,-0.045202784,-0.09403776,0.0055938344,-0.07788054,0.13612854,0.045548428,0.04223138,0.017406935,-0.010962892,-0.06957196,0.057276636,-0.0064198524,-0.06987388,-0.16191085,0.020673499,-0.020622358,-0.015874123,-0.19280526,-0.00046607107,0.0047247857,0.010567768,-0.07178576,0.100987986,0.058503374,-0.15706623,1.6753211
1042391,0.36102787,-1.6426427,-2.2776859,-1.4638569,-0.09779106,1.325872,0.39899984,0.29475933,-0.3595478,-1.306026,1.1471813,0.65905243,2.059113,-0.33748674,0.5943042,0.41049162,0.45900667,0.19533439,-0.7073981,-0.029728808,-0.016155675,-0.11132587,1.5216162,0.5979012,-0.4060633,1.1035317,0.6969935,-0.1601727,-0.048753828,0.1788036,-0.21919018,-0.5041204,0.006832149,-0.23411535,0.097599015,-0.032922454,0.031820625,0.19965532,-0.10400233,0.14810236,0.2245084,-0.044119097,-0.053211406,-0.043432645,0.09631562,-0.01049548,0.08911529,0.08381748,0.1000496,-0.06908603,-0.023087453,-0.029227288,0.07832873,-0.05874769,0.09943463,-0.06774032,0.25227568,0.12884079,0.11270772,0.063047595,-0.0102863675,-0.052593097,0.015219741,0.23127328,-0.007899597,-0.08355759,-0.09192257,-0.0016808547,-0.010352345,-0.01826262,-0.09294303,-0.005529426,-0.076377496,0.026855683,-0.036554664,-0.048346013,-0.008338079,-0.06463644,0.017494453,0.05790812,-0.08995688,-0.02695334,-0.021995991,-0.060132295,-0.0024303421,-0.057980597,-0.0054499926,0.031825345,-0.15351972,-0.068547025,-0.072133556,-0.0018963218,-0.057115637,-0.01177755,0.080942824,-0.06341055,0.42344436
1043355,-0.4071596,0.65420365,-0.36467785,0.6216538,0.44299752,1.4453373,0.5689814,0.66952604,1.2096225,-1.5995563,0.5663725,-1.3090436,0.42537323,-1.2575932,1.0869364,-0.19597518,0.60474354,-1.4719136,0.094151005,-0.71218294,-2.031479,-1.3140862,-0.094776616,1.4729494,-0.008903891,1.045538,-0.3211537,1.5609679,-0.9871593,0.7564096,-0.349056,-1.2700843,0.063759275,-0.21607833,0.052872285,-0.016252883,0.0046334863,0.17977631,-0.07257822,0.13960354,0.2442137,-0.033896737,-0.024321638,-0.024652611,0.059230365,-0.011012215,0.051673055,0.038352743,0.12131829,0.0005438477,-0.0033642463,-0.012813675,0.040785044,-0.03806844,0.048409734,-0.058376648,0.22737148,0.12302228,0.14610316,0.030928822,-0.004284676,0.010733139,0.025731042,0.19425993,-0.031030867,-0.067232154,-0.0718203,-0.0050888807,0.019642385,0.004764688,-0.088537216,-0.0038648918,-0.03183339,0.006940564,0.009954281,-0.04493233,0.016289053,-0.042393498,0.006070368,0.073050305,-0.063928016,-0.06426442,0.049518604,-0.006045695,0.010913976,-0.06737042,-0.019458983,-0.009326683,-0.14264014,-0.06746205,-0.062931515,0.032975852,-0.043295145,-0.07092747,0.051466595,-0.012381181,0.13028851
1046829,0.32974595,0.8735601,-0.21919142,1.0060767,0.24537277,-1.1821812,0.06805313,0.1910007,0.074789524,0.3965901,2.0718434,0.69955754,-0.30511406,0.2945284,-0.7108521,0.70520216,1.5520349,-0.17564851,0.089053184,-0.72081006,-1.9369395,0.14495128,1.9597967,0.33733648,-1.9642174,-0.25103408,0.34889877,-0.37792125,0.8905759,1.8502183,-0.8822166,-1.7141548,-0.2502154,0.80120033,-0.29857904,0.15141532,0.26474756,-0.75474,0.6330712,-0.3157493,-0.836318,0.36511192,0.30431134,0.34610772,-0.27898625,0.04422806,-0.47294936,-0.2611816,-0.4375473,-0.005032696,0.457794,0.16550395,-0.727166,-0.08700429,-0.5885158,0.3237598,-1.1138325,-0.41258398,-0.2925058,0.19346109,-0.16395901,0.70163274,0.122269176,-0.8735585,-0.16780885,-0.36516255,-0.2781759,-0.10895535,-0.10811799,-0.03788976,-0.27762455,-0.14366394,-0.22960389,-0.16857068,-0.055982538,-0.15100455,0.11397244,-0.10821204,-0.109987035,0.035750806,-0.19416599,-0.16367365,0.024807278,-0.0026310263,-0.07411307,-0.046174195,-0.12566102,-0.09656595,-0.2144059,-0.04958128,-0.30004722,-0.05692895,-0.011014422,-0.14471063,0.091945104,0.0687201,1.6168439
1047831,1.8752749,-1.1998901,2.4373145,-2.4199395,0.9101282,-0.70451117,-0.58975327,-0.048821047,0.86963534,-0.28790718,0.54274374,1.3275867,-1.5882229,-0.42933863,-1.7259649,-0.090318546,0.48564675,-0.6860117,2.0927155,0.22848481,0.20459309,-0.6590961,0.09609593,-1.2353358,0.7612512,-0.5841941,-0.21514422,1.1514316,0.71023756,1.4647168,0.82872474,1.7142454,0.098436296,-0.42716652,0.2236749,-0.0111859515,-0.04668285,0.36670065,-0.2146465,0.15915331,0.3494133,-0.019249976,-0.15569264,0.0477704,0.11518301,0.088079154,0.09050407,0.13498172,0.15258902,0.07857466,-0.01920361,0.03479375,0.13088873,-0.1694518,0.11879665,-0.12619205,0.4142917,0.1836522,0.34693623,0.012760619,-0.0098886555,-0.061193563,0.032794997,0.3907402,0.018934548,-0.10164431,-0.056950465,0.013693612,0.03263222,-0.01341687,-0.066304475,-0.0005630404,-0.09694742,0.009146927,-0.044469863,-0.05562988,-0.018708792,-0.037499845,-0.041579112,-0.010569591,-0.08068618,0.0006428808,-0.0090150535,-0.012667709,-0.0002830103,-0.04989133,-0.01676547,0.019163061,-0.18766305,-0.028070591,-0.02372494,-0.007072378,-0.032333285,-0.022468068,0.094167374,-0.04174608,0.1198732
1050464,1.0552397,-0.30514875,-0.35768682,-0.980158,-0.43578273,-0.7829633,-0.82967925,-0.6179387,-0.3207635,1.2691551,0.73789644,0.8949326,0.040088076,2.2726843,1.570618,-1.2870404,-0.40916526,1.5333437,-2.8332121,0.59548193,-0.5479565,-0.22494595,-1.5815188,1.3584905,-0.2123973,-0.7660164,-0.7052413,-0.49221808,-0.43767628,0.010433771,0.5800395,1.0950323,-0.07916856,0.08432742,0.004072532,0.07604122,-0.06360726,-0.00691697,0.07937083,0.06551785,-0.08380102,0.046158172,0.04081884,0.04086142,0.0066862702,-0.0024030395,-0.033303663,-0.0038456991,-0.0139311105,-0.0048092827,-0.08240013,-0.11363038,0.019601807,0.20869718,0.17031227,0.003398478,-0.06508095,-0.066513345,-0.09140836,-0.09346934,0.11928169,-0.09764327,0.032560438,0.06167566,-0.033440255,-0.10955344,-0.036030967,-0.016963795,-0.020997783,-0.058883898,-0.09926364,-0.088649385,-0.013450123,-0.06768325,-0.14761624,-0.06736591,-0.011615388,-0.07364787,0.0002252243,0.02316393,-0.050375678,-0.07078113,-0.026694357,-0.05024466,-0.074802324,-0.063536786,0.012751754,-0.02487105,-0.27231455,-0.0751909,-0.19240347,0.054827817,-0.034889434,-0.12556125,-0.048046127,-0.10544582,0.81327313
1053513,-1.4852663,-1.2919204,-1.5708232,-0.7382351,-1.1372542,2.305089,1.0894363,0.58646053,0.31418523,0.9630721,-1.4686455,1.050101,0.43314093,1.8027155,0.12379527,-0.26432675,0.9958211,2.3061469,0.0024702772,1.445816,-2.0016747,-0.021762967,0.89995736,-1.2996562,-1.3794171,-0.90809524,0.093690485,-0.79677635,0.24333704,1.8678949,-1.3640616,0.12799487,0.023828339,-0.3419243,0.19168311,0.11756668,-0.055019557,0.21782899,-0.19457693,-0.01285281,0.17354915,0.029938819,-0.21770176,0.3564312,-0.05103846,0.14802681,-0.14125755,0.09157638,0.16099189,0.15257603,0.11775027,0.06745546,0.05158539,-0.20367262,0.006205747,0.08820444,0.17942674,0.16984203,0.27297556,-0.008843023,0.099148914,-0.0067497715,0.12637915,0.18480745,-0.009305563,-0.07511724,-0.06866757,0.046236124,-0.039816756,-0.06699956,-0.080016896,-0.026461706,-0.17839082,-0.047580283,-0.016306512,-0.07182455,-0.06601506,-0.10271197,-0.050459027,0.013929006,-0.08522402,-0.08833868,-0.051104337,-0.08364054,-0.029372208,-0.065244846,-0.04737765,-0.0041547436,-0.17245045,-0.054658473,-0.1742905,0.0042310804,-0.040665433,-0.07608967,0.037189823,-0.033767775,0.5076207
1055909,-0.18842417,1.325824,-0.24045283,1.797646,0.2988406,-0.10327357,2.3770497,-1.039786,-1.0448806,0.38276094,1.9208515,1.270681,0.80139697,-2.4929838,-0.028727941,-1.7902749,0.8594202,-0.12066804,1.4761435,0.8998445,-1.300519,0.87909204,0.5065293,-0.2832665,-1.9167655,-1.4294653,-0.5464555,-0.34210557,-0.47646186,1.5032512,0.2856693,-0.0031209588,-0.44077846,1.5821697,-0.5291476,-0.08650973,0.11145556,-0.90494704,0.9229411,-0.049847387,-1.0833113,0.26238155,0.90696895,-0.07514122,-0.1786604,-0.24154961,-0.06118679,-0.2330435,-0.52769184,-0.2651089,0.0087945685,-0.13396224,-0.6176967,0.7509648,-0.106883585,0.037098557,-1.4268088,-0.8155415,-0.9329929,-0.02448373,-0.1789653,0.31963477,-0.06965968,-0.9731782,0.0010746941,-0.30954355,-0.23746476,-0.08079892,-0.12868388,-0.15513587,-0.16983639,-0.079961516,-0.11593069,-0.19209345,-0.20995623,0.0018104315,0.07930608,-0.025740735,-0.084685534,0.038859077,-0.007979311,-0.0073789656,-0.12732454,-0.0858301,-0.116940275,-0.15437733,0.049708232,0.04421727,-0.43084234,-0.055183634,-0.2895166,0.09538915,0.08777566,-0.19234967,-0.07923087,-0.08368014,0.5751679
1056309,-0.93727905,2.06651,0.2299922,-1.783455,0.4355887,1.6942068,1.017106,1.3297112,0.27171502,-0.8618177,-0.6881849,1.6159395,-0.6082213,-0.42939508,-0.6441467,-0.37909913,0.8247058,-0.39116973,1.4093663,-0.460373,0.08683649,1.3214338,0.5667056,0.40415064,-2.2256322,0.32082903,2.57341,-0.3251779,1.7809267,0.037561513,1.0767145,-0.023984296,-0.0047662146,0.026287474,-0.052243814,0.121305585,0.015725732,0.027632743,0.060031198,-0.039056905,-0.025313236,0.05480951,0.0017536208,0.19707134,-0.1032885,0.054471914,-0.14296426,-0.07693089,0.034428574,0.081945255,0.1295985,0.010179585,-0.10133566,-0.027406137,-0.08203977,0.07498684,-0.05525153,0.031963967,0.014726423,-0.0076911524,0.05165598,0.1056407,0.069695026,-0.013370696,-0.00020026416,-0.11832543,-0.053733204,0.006823566,-0.024660187,-0.0043904847,-0.10041222,-0.03534539,-0.10844566,-0.04640019,0.0056923777,-0.050414126,0.021454263,-0.067033894,-0.02620868,0.07056526,-0.07949647,-0.08850534,0.032165587,-0.053587943,-0.031721197,-0.08046791,-0.0023766262,-0.04949078,-0.14455035,-0.057520594,-0.15401039,0.042230472,-0.0123805255,-0.101424605,0.021545548,-0.046504736,0.32660386
1057644,-0.9941313,0.47170377,0.7823561,0.4599258,0.89068943,-1.3808967,0.8597604,0.11873536,0.91036713,-0.6045544,0.58198285,-1.5674752,-2.0887167,-0.39989415,0.8229625,-0.066175,-0.67247826,-0.5931865,0.4817656,-0.503909,-1.4286175,0.27563912,-1.3124707,1.4904902,-0.3500753,0.7826249,-0.14680944,1.9994357,-0.4492228,0.60078466,1.2306205,-0.49428284,-0.12412569,0.091075145,-0.036950808,-0.029386282,-0.0092481,-0.00087372214,0.08404377,0.17906791,0.01037398,-0.018241622,0.061437197,-0.17128198,0.12320702,-0.07008827,0.0952796,0.08050156,-2.4430454e-05,-0.118345976,-0.18733439,-0.10695636,0.123490274,0.24908975,0.25886616,-0.036383286,-0.013129316,-0.04416704,-0.110586494,-0.0627193,0.03158332,-0.17737508,-0.005610775,0.12461711,-0.057712212,-0.13250677,-0.12524824,0.008015592,-0.03794306,-0.0025427276,-0.08145909,-0.08475175,0.05405426,-0.07064713,-0.118908755,-0.021608304,-0.029643781,0.0033806786,0.03348961,-0.011874195,-0.027362885,-0.0059750527,-0.033982977,-0.060213815,-0.073954165,-0.02284725,0.07341403,-0.016170764,-0.30996236,-0.03178872,-0.15725145,0.03469724,-0.034313902,-0.091242254,-0.04003261,-0.07669939,2.120304
1060577,-1.1942711,2.1112227,-0.15782726,0.43532303,-0.13612098,-1.4999719,-0.30748695,-0.84388626,-0.84727114,1.3431225,0.6948395,1.3922509,0.64152145,1.3311881,-0.35506272,-0.3530568,-1.1743456,0.8850852,0.28472894,-0.66062284,-0.11211097,0.41005003,1.5656445,-0.74185604,-0.66469574,0.8247429,-0.89340687,-0.64645505,-0.6641898,1.6736395,1.095491,-0.5211319,-0.29893422,0.96086043,-0.34293762,0.16019905,0.32794613,-0.9447561,0.7535873,-0.40672895,-1.0424726,0.43396157,0.36071646,0.4126915,-0.31160346,0.07599525,-0.6001736,-0.2966686,-0.5504191,0.0008900538,0.56927013,0.21223924,-0.88374203,-0.15602843,-0.72554487,0.38647372,-1.3444208,-0.5166713,-0.33184078,0.25255975,-0.21283321,0.85458994,0.14536679,-1.0687871,-0.21604969,-0.43922612,-0.32218605,-0.13347524,-0.12859708,-0.05373152,-0.32031906,-0.17933023,-0.27207696,-0.21107152,-0.06988408,-0.17372903,0.15749669,-0.1133265,-0.13334218,0.030972391,-0.23304047,-0.17579073,0.018413857,0.015014824,-0.08851762,-0.049606144,-0.15476567,-0.112614766,-0.24195814,-0.04791968,-0.33607474,-0.07510783,-0.003932016,-0.15874675,0.09994768,0.07903427,2.5648448
1063403,-0.4144351,-0.45458978,0.15564829,-1.4311658,-0.6087447,-0.6456544,0.29654354,0.09466438,0.2832118,-1.8944688,0.095841944,0.58797747,1.1937337,0.14920029,-1.2203935,0.43924278,-1.3162977,1.2227728,-0.9494942,1.5154599,-0.024024699,2.4890926,1.9826858,-0.1627424,0.51893467,0.0035065413,-0.58568513,1.0213574,0.503649,1.4806743,-1.1334362,0.48729956,0.011617228,0.007963672,-0.07857372,-0.04026755,0.106960945,0.059277307,0.054580033,0.1689303,0.120063454,-0.03242606,0.10224758,-0.19515724,0.07201672,-0.09880207,0.07109741,-0.05198466,0.004630454,-0.11410038,-0.07506086,0.03277175,-0.056081183,0.041003697,0.00011626072,-0.06419112,0.08855419,0.056438193,-0.0041571744,0.015411692,-0.10195006,0.06427485,-0.035733316,0.081880584,-0.01092862,-0.11253159,-0.098902784,0.0060856454,-0.02143191,-0.02793824,-0.06204732,-0.018789932,-0.030425403,0.018348878,-0.005166061,0.02513457,0.04952316,-0.07939913,0.022712078,0.06509566,-0.045732576,-0.029331423,0.007551916,0.01659613,-0.028157458,0.009885255,0.004618505,0.030887295,-0.093333006,0.03890244,-0.039900243,0.06609539,-0.017448977,-0.032899357,0.058940772,-0.026973471,0.4666225
1064528,0.11799931,-0.25440702,0.60500264,-1.0396718,-0.666818,0.24376595,-0.117547125,-0.58167195,0.57497615,0.88051575,0.7456777,2.0159626,3.3053145,0.23064226,-0.4686927,-0.8614052,1.4659157,-0.013125971,-0.10844828,0.8452599,-1.4499409,-0.5621413,-0.07976109,0.97485346,0.88593674,1.9007396,0.29978004,-1.3269328,0.42281187,-0.35271728,0.6274382,0.93121195,0.15158288,-0.62682116,0.43394303,-0.021415986,-0.13636713,0.4861868,-0.4221816,0.13146478,0.48111928,-0.0028443336,-0.3412669,0.28267595,0.09510791,0.19494498,0.06224403,0.27385587,0.29418755,0.22857983,0.018304154,0.03569743,0.2143388,-0.29796854,0.1506614,-0.08348471,0.5836419,0.2657288,0.56676495,0.015281556,0.077978194,-0.08095956,0.07449722,0.6124579,0.00432986,-0.1465572,-0.06285206,0.03993127,0.06306206,0.015405419,-0.048388705,-0.050080203,-0.15494962,-0.036012363,-0.09424535,-0.02902408,-0.05957315,0.011015482,-0.08844856,-0.07101706,-0.13209456,-0.0061618164,-0.0727645,-0.0412063,-0.05222173,-0.076641425,-0.056533493,-0.006342707,-0.27830738,-0.077856086,-0.113999605,-0.07468189,-0.026319256,0.014126837,0.041008037,-0.14345352,0.5701392
1067759,0.4622722,-0.66040236,0.15543397,1.0041244,-2.7238934,-0.24799916,-0.7591089,0.16700079,0.115769275,0.10173951,-1.3701484,-0.88001764,-0.81764877,0.43524033,-0.43810385,-1.0127168,0.026014127,-0.4418932,-2.5014315,-0.09615514,-0.19880708,-1.1272998,-0.19607265,-0.5899379,0.38464323,-0.11275263,0.89441895,1.3636057,0.4262086,-0.1972886,1.5814456,-1.5862132,0.015346613,-0.25226244,0.09584522,0.035571545,-0.035148814,0.20213962,-0.07706563,0.119082525,0.20900261,-0.004230514,-0.09188071,-0.02460715,0.08305079,0.018295944,0.03714047,0.04613764,0.12229027,0.03745515,-0.026162405,-0.006881628,0.10589011,-0.04308458,0.09135793,-0.0351896,0.23082021,0.13059328,0.1797979,-0.03385772,0.024012078,-0.04736299,-0.0026434027,0.28659546,-0.03468771,-0.10889438,-0.06676108,0.019369792,0.025862359,-0.0012453878,-0.05272571,-0.034431316,-0.03845494,0.013196403,-0.026486292,-0.065309584,0.0076409243,-0.024390362,-0.024920972,0.049087353,-0.068040945,-0.03233885,0.0068733245,0.014168681,-0.022946239,-0.02246138,-0.013443958,0.00687851,-0.1758864,-0.0233519,-0.06932928,0.013554128,-0.010973655,-0.037345722,0.062257506,-0.046662033,0.16807815
1067855,0.7375538,0.28843307,0.09846255,-1.1176744,-0.83263427,-1.4986844,1.6496449,0.01819092,-1.9064982,-0.18167531,0.45742393,-0.75316095,0.85019886,0.9640414,-1.5049162,0.33118927,-0.5999171,-0.16720122,-0.506204,1.0442044,-0.9978806,1.3537312,-0.6503349,-0.33440042,-1.7490361,0.4298844,-0.81299436,0.85211045,0.97141963,0.8624209,-0.08518754,-1.3595176,-0.23875208,0.733809,-0.28035018,0.15405625,0.26312596,-0.71964777,0.596433,-0.31805065,-0.7996533,0.35568637,0.27018788,0.3613844,-0.27296543,0.05781563,-0.48638257,-0.2567349,-0.41515997,0.0057571456,0.47008392,0.17359504,-0.7020789,-0.1280161,-0.59503114,0.32597393,-1.0583307,-0.3813292,-0.2516517,0.20658433,-0.1528651,0.69652486,0.13044819,-0.83729976,-0.17323211,-0.35613784,-0.27020556,-0.09904406,-0.102234356,-0.030611776,-0.2785564,-0.1441229,-0.22735167,-0.17503482,-0.034545787,-0.15556711,0.11759834,-0.10144498,-0.11455131,0.041463193,-0.1950811,-0.17229305,0.026415918,-0.005364463,-0.06827618,-0.047810994,-0.127409,-0.088209234,-0.21060398,-0.058782347,-0.2924554,-0.056610253,-0.0085983705,-0.14786462,0.09758446,0.07234809,1.7968345
1069285,2.187974,1.1388271,-0.4511425,0.25108036,1.0404072,-0.58131206,1.5308197,0.44142723,-0.4784185,2.2441878,-0.23412627,-0.15084702,0.40778062,0.13660541,-0.2443695,0.23428617,0.2825341,1.4166169,-1.119298,1.6776769,-0.7857032,-2.6914616,-0.065276034,-0.36900726,-0.42594615,-1.3100433,0.69583565,0.20541514,-1.024193,0.37192333,-0.13859664,-1.1397053,-0.16840373,0.7378698,-0.40625575,-0.18300778,0.29423118,-0.43394014,0.44200593,0.123988956,-0.47464314,0.0033995174,0.56819093,-0.48402116,0.09439719,-0.2811857,0.115832835,-0.21386705,-0.28470626,-0.5074375,-0.10091728,-0.021059085,-0.354986,0.34099007,-0.16180919,-0.113369435,-0.4876104,-0.36930883,-0.5088839,0.1674901,-0.2950903,0.28833485,-0.14193076,-0.38691798,-0.050172944,-0.24366458,-0.20363459,-0.10056176,-0.022492789,-0.20443541,-0.07643131,0.026669588,-0.019951578,-0.03153622,-0.18111941,0.052877747,0.168738,0.027211025,0.08632917,0.055813305,-0.042508107,0.007799819,-0.019085176,0.026239913,-0.10381146,0.039419908,0.023408663,0.011791887,-0.15019417,0.0077785626,-0.09629241,0.081266545,-0.026332274,0.1571158,0.03496343,-0.13898276,2.4175951
1070083,0.08873464,0.4185792,-0.33809078,0.57975006,-0.15623403,-0.88311535,-0.34157842,1.5704856,1.3015177,-0.5746419,0.39047247,-0.74209565,-0.019421764,0.4179369,0.22477362,1.313791,-0.60792327,0.064000644,0.2875075,1.1545098,-0.015291527,0.36516637,-0.85138816,0.20323744,1.7830551,0.082243405,-0.26452056,-0.5472231,-1.3445996,0.26144427,1.1382068,0.16532281,0.0642727,-0.31901714,0.15380734,0.050449967,-0.062860444,0.22621208,-0.14617895,0.044932812,0.23451501,0.012868505,-0.13803847,0.11704929,0.024580218,0.054722946,-0.012525168,0.07181436,0.14149877,0.095405966,0.054012597,-0.020310374,0.082876086,-0.08187102,0.09415837,-0.013002813,0.26319674,0.15322325,0.22654104,-0.01816693,0.09158693,-0.026891112,0.06692971,0.24940862,-0.049246818,-0.06504987,-0.0658685,-0.0023458824,0.0039088163,0.006244776,-0.053176142,-0.020651758,-0.043808352,-0.016396334,-0.020625964,-0.051231124,-0.0028751008,-0.037060857,-0.041116893,0.0056630373,-0.07365655,-0.080743805,0.00961078,-0.004993576,-0.0004971698,-0.06315458,0.0026675211,-0.011337047,-0.20083457,-0.0791433,-0.11822927,0.030351628,-0.032498423,-0.028098524,0.051029313,-0.08771509,0.20956305
1070513,0.5457785,-0.3609317,0.26415226,0.8445579,0.1575664,1.5647615,-0.25003707,-1.1133006,0.67158496,-0.4924951,0.91116714,1.1644589,-0.017487757,-1.089091,-0.7847111,0.23640426,-0.61639154,0.09300176,-0.5147352,-2.1122322,1.33685,-0.8852529,1.4374521,-0.07775259,-0.09927726,0.24510306,0.79648983,2.3485312,-1.3434312,0.89435637,-0.7519419,1.7144103,0.07796046,-0.26592258,0.12436651,-0.019363992,-0.05059196,0.18814656,-0.13136058,0.09098961,0.22968322,-0.031017847,-0.07931003,0.03375366,0.050207518,0.018169958,0.014851416,0.04009901,0.13430527,0.07104255,0.033243936,-0.037438665,0.06504215,-0.038390163,0.09295581,-0.06388989,0.22428298,0.13200954,0.1914155,-0.018958434,0.030640993,-0.033446953,0.03232751,0.23934059,-0.040968258,-0.052821625,-0.05727037,-0.0073004104,0.003319152,0.002404589,-0.06161519,-0.0479168,-0.074202836,-0.001197096,-0.0038849749,-0.032746255,0.008040454,-0.011920176,-0.01762673,0.06800796,-0.09072268,-0.059803993,0.035423648,0.0017198836,-0.016892567,-0.10787104,-0.012386122,-0.03324733,-0.17383783,-0.083969966,-0.077908054,0.016493855,-0.041877892,-0.05079987,0.06389746,-0.07696536,0.28228757
1071667,-0.88077587,-1.4279568,-0.5293586,-1.4244919,1.1446427,1.0031154,0.8728437,0.58624303,0.52669513,0.6575688,0.6515482,-0.80950195,-0.9681914,-0.08612013,0.47699854,-2.6739407,-1.5832864,-0.14053312,-0.4809722,1.1540087,-0.30248034,-0.5878947,-0.21948914,-0.94847107,1.6150699,-0.1982441,0.8928338,0.70143896,0.7691058,-0.36348814,-0.36133814,1.5180624,0.15004058,-0.5080092,0.2953152,-0.021784604,-0.09333564,0.42753232,-0.29127043,0.15422714,0.40635583,-0.0136023685,-0.22385335,0.113263786,0.09645605,0.12985797,0.07982382,0.1573175,0.19845822,0.15530777,-0.009864055,0.030469222,0.14430772,-0.22755915,0.14673327,-0.14898056,0.5172488,0.21611339,0.43814927,0.006504927,0.032071594,-0.0681839,0.05108956,0.46400055,0.015577421,-0.11211468,-0.06121385,0.025920723,0.0393571,-0.0027643824,-0.06365829,-0.041654825,-0.10205351,-0.03188028,-0.080666594,-0.010818273,-0.011310052,-0.027030103,-0.061258245,-0.05416825,-0.092891574,0.0052020103,-0.02835393,-0.016924532,-0.027777918,-0.07015592,-0.015943259,-0.010034861,-0.21110058,-0.061772916,-0.06325236,-0.023903985,-0.026844498,-0.00810425,0.06556072,-0.10851528,0.12463135
1072991,-0.6889917,-0.69839716,-0.80660486,0.7259873,1.0058995,0.4470943,-0.20835389,-0.1601399,-1.2427857,-0.07738848,-0.045929987,-1.1909084,-0.45608726,-0.33297056,-1.4180678,2.0892227,-1.4243288,0.8950431,0.20172794,-1.3349311,0.49253008,-0.4292676,2.2839243,2.2488775,-0.77767396,-0.7951636,1.4124439,0.79113233,0.08578236,1.1174964,0.5882416,0.2013815,0.007398151,-0.11856003,0.044100553,-0.02651456,0.009626359,0.08618679,-0.03225635,0.1045322,0.1282341,0.00018982962,0.03181919,0.0134164505,-0.008085882,-0.021534894,0.028302774,0.037564002,0.09156623,-0.011754677,0.07959008,-0.030486075,0.010692887,-0.0044053085,0.06388047,-0.024004601,0.08081261,0.09581766,0.040246755,0.052098457,0.026747786,0.008714095,0.037050046,0.077264935,-0.02826608,-0.054448128,-0.12940651,-0.015876502,-0.028496088,-0.0038380558,-0.13664988,-0.034324892,-0.04753538,-0.043454632,0.011325162,-0.04643884,-0.007207066,-0.028035559,0.009676647,0.07811554,-0.072502404,-0.057120085,0.010097958,-0.09289318,0.0057116076,-0.10213846,0.012345865,-0.004517587,-0.19093767,-0.13151713,-0.09627824,-0.009285115,-0.055581585,-0.09427862,0.050503626,-0.034731954,0.4465915
1073272,0.4324245,-0.85081315,0.22983986,-1.4863526,-0.10364941,1.5705203,0.96214736,0.8940931,0.027147993,0.79709685,-0.22080322,-1.30398,-1.1450447,-0.58874273,0.9855569,0.3692564,0.016196817,-1.4039024,0.82221514,0.9667052,0.5295879,-0.97567797,0.46869507,0.43671268,0.034831956,0.6378476,1.2898164,-1.6736076,0.22087626,1.1830782,-0.048020788,-0.52537453,-0.09208737,0.23411259,-0.17422068,-0.04471769,0.12700748,-0.09503376,0.21898982,0.112095915,-0.06575636,0.008897513,0.21164562,-0.20530973,0.027096167,-0.107405156,0.08053749,-0.07313046,-0.05708088,-0.1677213,-0.107261494,-0.084166534,-0.089844175,0.22888699,0.086621016,0.0017127842,-0.14513224,-0.048802808,-0.20257598,-0.0037551206,-0.044189285,-0.018519007,-0.046662826,-0.080565296,-0.044544756,-0.097711146,-0.13758849,-0.0016860403,-0.052674297,-0.028446313,-0.051819026,-0.022005647,-0.0057209283,-0.0519983,-0.06875874,0.02661796,0.02720585,-0.070149586,0.03628099,0.048530445,-0.034952253,-0.029456846,0.019818574,-0.05175627,-0.040321775,-0.045806654,0.032952193,-0.014507292,-0.10693979,-0.0841628,-0.09064532,0.062463485,-0.037507895,-0.057676163,-0.0037416015,-0.018951401,0.7010985
1074157,-0.9300631,0.8917207,0.5853876,1.3710102,-0.60565674,2.0240657,1.5157655,0.6438616,-0.16678269,-0.6641181,-2.0451517,-0.27616802,-0.55468905,-1.2900798,1.936949,0.3752256,1.815227,-0.33145204,-0.5767344,-0.2827688,1.7531726,0.45795366,-0.6554741,-1.2398177,0.9141459,0.34825873,0.3933338,0.6235797,0.35548687,0.3248198,-1.3337502,0.5217046,-0.10629493,-0.015172698,0.006689042,0.04231415,-0.012396805,0.032190952,0.06707177,0.09258548,-0.0037115961,0.019060949,0.013932489,-0.074683055,0.07778797,-0.013905283,0.028930735,0.025987498,0.014695197,-0.037909657,-0.103902385,-0.09070022,0.06825954,0.15162602,0.17823547,0.021163717,0.009882547,0.006490454,-0.033721708,-0.060829047,0.059773423,-0.12436703,-0.012312409,0.16068214,-0.05735347,-0.12690586,-0.071327694,-0.004751753,0.001872994,-0.01948709,-0.056854147,-0.071402274,0.005601771,-0.009468157,-0.11338974,-0.07530943,-0.0045913495,-0.029585399,0.010653306,0.034767907,-0.061259665,-0.026261799,-0.009911023,-0.041108374,-0.05601631,-0.022064889,0.0059319455,-0.012940241,-0.22427192,-0.04862856,-0.11691695,0.01017097,-0.027155701,-0.05731118,-0.014090598,-0.060547158,0.9873577
1078147,-1.4178816,-1.1082776,0.13942447,0.06953851,0.2730396,-0.83839357,3.623936,-0.91227233,-0.76099813,0.30942354,1.7101479,-2.7528229,0.5320011,0.13640729,-0.28296202,-0.24249727,-1.1064757,0.55215853,-0.25210956,1.1070058,-0.55810314,-1.2685032,-0.10262002,0.7714009,-0.26781315,0.18076584,-0.16691469,-0.51658213,-0.64480084,0.00670493,0.21190856,1.1906828,-0.121264085,0.42209435,-0.20718828,0.0038124546,0.052488986,-0.20291352,0.3058765,0.084398165,-0.22267812,0.04516908,0.30302733,-0.10417251,-0.014786962,-0.123661995,0.00399162,-0.09364111,-0.08920297,-0.10711342,-0.07090935,-0.09852368,-0.15302765,0.34787363,0.07833581,0.023106966,-0.3326304,-0.19027752,-0.26884124,-0.05190074,-0.029641636,-0.008191295,-0.012444396,-0.17667411,-0.029110033,-0.13547309,-0.08444283,-0.017063417,-0.058174986,-0.03922164,-0.090448365,-0.053680457,0.018679043,-0.051863283,-0.096120946,-0.025076728,0.02380516,-0.055999085,-0.007531864,0.043197826,-0.008313917,-0.052730538,0.023859937,-0.027655115,-0.040109932,-0.089962095,0.04305893,-0.00078476965,-0.19222063,-0.049207415,-0.13367745,0.0869793,0.007726824,-0.13396582,-0.052986942,-0.04440041,0.35562935
1079457,0.9572779,-0.026039302,0.046943665,0.06441458,-0.3174582,1.256454,1.1802747,-0.15819897,-0.94320846,1.5776217,-0.7301271,1.3477994,0.2763273,-0.1404485,1.0694712,0.16422176,-0.6470529,0.4287907,0.5914376,1.0427086,-0.37463015,-0.76272,-0.92381203,-0.20495203,0.025949001,1.0735455,-1.1118646,1.1133798,-0.9894885,-1.1829082,-0.8384331,-1.1119411,-0.16807732,0.6953349,-0.27812612,-0.045010306,0.13683304,-0.43599746,0.49614918,-0.005923614,-0.47826818,0.16300072,0.4650186,-0.11446321,-0.067433104,-0.13191524,-0.043229092,-0.17157835,-0.25997746,-0.1713748,0.047929805,-0.060961075,-0.39185834,0.35024384,-0.104182094,0.08546713,-0.66400087,-0.32516745,-0.40449953,-0.007087413,-0.11502327,0.251922,-0.038210485,-0.46386433,-0.07591128,-0.2077323,-0.16920364,-0.10697697,-0.05782863,-0.06335505,-0.09447782,-0.011108093,-0.031648587,-0.06021731,-0.13661575,-0.034149237,0.07852037,-0.06429744,-0.011210198,0.05383631,-0.059085384,-0.05906462,0.02220136,0.001995326,-0.02462326,-0.07269972,0.002744602,-0.019344976,-0.17153221,-0.05368914,-0.12617624,0.04487732,-0.0011056829,-0.09106284,-0.015845884,-0.011262454,0.7596401
1079813,-1.0591123,-0.4954404,2.3322592,2.1088989,0.5973301,1.3148543,-0.46458974,0.13075458,1.05858,-0.91092676,-1.3912046,0.19930431,0.034911916,-1.2646983,0.3050981,0.093770206,-0.28866696,0.5407684,-0.57317984,1.3320912,-1.8583169,1.5609146,0.4636395,-0.019664824,1.1745956,0.49980447,1.4034195,0.30403742,1.0342175,-1.3994303,-0.6122799,-0.15931833,0.13407944,-0.48988336,0.24448118,-0.08423477,-0.008518666,0.44853568,-0.27878386,0.2589623,0.48443457,-0.07771764,-0.18922883,-0.052629977,0.19965246,0.07049148,0.18638936,0.22340511,0.17930892,0.023301385,-0.11254904,0.067879006,0.20255826,-0.20572266,0.15339987,-0.23591115,0.56799644,0.20676929,0.433807,0.07664017,-0.106867954,-0.109402746,-0.011934292,0.53190225,0.059053175,-0.1261475,-0.04430555,0.054470826,0.044021867,0.0062608616,-0.07580599,-0.023336746,-0.098738745,0.014425511,-0.043957353,-0.022203531,-0.03161014,-0.0009727478,-0.03464378,-0.024553012,-0.0849241,0.028368384,-0.021923237,-0.02015344,-0.04143711,-0.029900242,-0.0106943585,0.016621552,-0.20944595,-0.0027794763,0.010547519,-0.008711748,-0.047703207,0.0053558797,0.09888834,-0.06256296,0.3433795
1080030,0.5294022,0.955006,-0.110652,0.70941854,2.053092,1.1927483,0.09091744,1.6213888,1.2204806,-0.3298357,-1.022835,0.9941567,0.17295456,1.2420099,-0.012858458,-1.7052796,-0.87739664,0.106374286,0.758235,-0.2399977,-0.28185353,-0.03410022,-0.7806061,-0.13098723,0.9197794,0.109638,1.5936956,1.1927319,-0.76957166,0.8612253,1.4791553,1.4681426,0.10058379,-0.37828565,0.17360431,-0.031044483,-0.0077917725,0.35079905,-0.17775047,0.19498906,0.3463491,-0.025382191,-0.09708904,-0.041340955,0.12498464,0.046732243,0.124045245,0.11053532,0.1438499,0.04230342,-0.044161003,0.041907027,0.11947638,-0.13871785,0.11333382,-0.14686185,0.39270756,0.17698374,0.30698904,0.020670924,-0.04760573,-0.053522177,0.008012723,0.35474154,0.021255046,-0.08699504,-0.06445488,0.024955306,0.027312884,-0.0024546478,-0.06384304,-0.0057088584,-0.06804091,0.0022881422,-0.0177189,-0.029628702,-0.012191679,-0.03017193,-0.04083967,-0.0007433444,-0.061737195,-0.0017957389,-0.0013865083,-0.020499952,-0.008624822,-0.019680353,0.0047911825,0.030142814,-0.16832441,-0.019909106,-0.013998933,0.019184234,-0.032966882,-0.033514366,0.08542871,-0.025279507,0.18790883
1087328,-0.598942,-0.6082117,1.391566,-0.54983115,-0.6997951,0.7234106,-0.34169134,-0.90117544,0.34305665,-0.1198841,0.17030212,0.22738129,-1.5010248,-0.6269115,0.8464654,-0.60955024,0.05748155,0.7517203,-0.44281363,0.4172542,-1.625043,-0.78886896,1.4154944,-0.4976344,0.29154685,1.5067009,-0.65944314,0.04046007,1.0218974,0.748837,-0.22405756,-0.82562673,0.078698345,-0.41121846,0.24420232,0.045826197,-0.10426667,0.33348283,-0.21944208,0.06649704,0.31134278,-0.012656625,-0.22628117,0.13526577,0.0635498,0.120537,0.04139886,0.12475367,0.16791996,0.12502205,0.030377228,-0.0015349034,0.15659831,-0.1559179,0.1432435,-0.059647717,0.38829708,0.18609104,0.31513968,-0.028248359,0.0861488,-0.06341472,0.060388885,0.38135323,-0.032002136,-0.10356794,-0.055453923,0.004549835,0.035576884,0.0057635754,-0.056088556,-0.047315806,-0.08423485,-0.00866824,-0.06733875,-0.0514367,-0.026639335,-0.025051512,-0.04659684,-0.032479,-0.100765556,-0.04656575,-0.03414335,-0.016926298,-0.025255248,-0.079986006,-0.013870545,-0.029884333,-0.23282972,-0.068680234,-0.11287822,-0.01807503,-0.032874487,0.0047481656,0.054206014,-0.13504201,0.26217997
1087599,1.5774268,-1.1623949,1.6663153,0.87769336,-0.13087526,-0.27747747,-0.07194775,-1.8110315,1.2380027,-0.715444,0.38809392,-1.1420714,1.6676196,0.32618842,-0.05143629,-1.8186898,-0.24840434,1.7431284,0.81113124,-1.6095927,-0.48859972,0.58195496,-0.61886144,-0.6951324,1.8867234,1.6328408,0.76821256,-0.81230885,0.2815713,0.421037,-0.92465556,-0.7289599,0.08500311,-0.415104,0.24559209,0.04863682,-0.08607893,0.33429232,-0.20518275,0.07323509,0.27955377,0.005019903,-0.2148864,0.12832652,0.06266435,0.11865388,0.014815843,0.10576862,0.1470355,0.13406499,0.028938513,0.0025730357,0.128097,-0.16385685,0.13885018,-0.048704594,0.36895236,0.1928538,0.32114604,-0.041143734,0.09128081,-0.060194813,0.063763395,0.3593367,-0.025738586,-0.10677868,-0.07223449,-0.0020408556,0.014287945,-0.01873302,-0.05363292,-0.026707917,-0.0883946,-0.015922569,-0.07710031,-0.052857734,-0.021355342,-0.0429245,-0.04619209,-0.03659491,-0.09463692,-0.022293322,-0.024981856,-0.0002330715,-0.016968064,-0.057737272,0.0006959154,-0.008782702,-0.2087737,-0.049387652,-0.098429725,-0.007795725,-0.027239438,-0.008310303,0.07258658,-0.115229666,0.1342294
1094231,-1.0121337,1.8321798,0.33131102,1.287583,0.5951097,0.85650975,2.3125048,0.35602403,-1.9746715,0.20585915,0.62743807,0.035515383,0.3135582,-0.14736876,-0.5405691,-1.332618,-1.4991188,-0.078180656,-1.5391945,-0.34532303,-1.6967949,1.9634831,1.8885199,0.6324192,-0.1160962,0.83717287,-1.5520316,-0.2738671,0.35740644,-0.71237886,-0.525131,-1.0976045,-0.40648803,1.1907554,-0.39215115,-0.14291123,0.10284755,-0.6120972,0.6556278,0.113688186,-0.7084644,0.055495273,0.66483986,-0.24964578,-0.03849106,-0.24828741,0.05510358,-0.119652085,-0.37681952,-0.2629613,-0.26180962,-0.24523005,-0.28397155,0.77866095,0.23195599,-0.032232553,-0.9157135,-0.5829116,-0.74562883,-0.08613196,-0.08705553,-0.06551516,-0.044609535,-0.5577345,-0.018373579,-0.19686401,-0.14495462,-0.010229275,-0.1351318,-0.055206638,-0.14779483,-0.121599354,-0.00021045282,-0.15370247,-0.2354384,0.0018367246,-0.03850907,-0.029103294,0.016127782,0.0062711835,0.026569773,0.03536439,-0.036073215,-0.110587746,-0.106714904,-0.16748606,0.09481303,0.02749789,-0.394931,-0.06521195,-0.21174735,0.16417474,0.0029952284,-0.23088562,-0.11044213,-0.10795346,1.4782987
1094429,-0.49585235,-1.7494963,0.67015755,0.7670599,-1.1628532,1.601287,0.8610992,0.19394094,0.8943059,1.2143911,-1.1152812,1.5787429,-2.9461017,-2.321016,-1.1124442,-0.91564626,0.6468446,-0.33103937,-1.5030624,-0.66678977,-0.23302802,1.5941124,-1.5311927,-1.1944269,-1.4017116,-1.1102271,-1.0753508,0.5704901,1.7308816,-1.0606921,0.17927702,-0.55559826,0.023736537,-0.27428707,0.1427123,0.15815778,-0.056662425,0.21086511,-0.17018656,-0.06438487,0.13602656,0.09418264,-0.22545758,0.4054134,-0.11227619,0.15081874,-0.15470958,0.06439339,0.1403415,0.11005391,0.14359327,0.05116508,0.048023753,-0.16625445,0.0033481643,0.1166067,0.1106414,0.14390546,0.19604565,-0.042805564,0.1661252,-0.0052804127,0.12259628,0.13272423,-0.0052599832,-0.058954556,-0.051076822,0.045197118,-0.03486648,-0.06022404,-0.09323932,-0.033396386,-0.15128656,-0.065619655,-0.02566909,-0.09772928,-0.07671871,-0.10693633,-0.06194109,0.010048848,-0.07427855,-0.13875051,-0.048021913,-0.09870068,-0.06135723,-0.04618164,-0.034953684,-0.037667006,-0.18196282,-0.10795973,-0.20962682,0.009455647,-0.057191636,-0.07483075,0.046387475,-0.051424652,0.72782403
1097234,-1.0597184,-1.5811347,-0.58899754,1.1198261,-1.6204077,0.69153357,0.46978986,1.1109922,0.78327036,0.19304779,-0.140236,0.24301414,3.1044204,1.5271178,0.25185212,-0.68509805,-0.7735531,-0.5615146,-0.1868193,1.5515327,-1.6614959,-0.9895145,-0.2354406,-0.7265129,0.8788488,0.485768,-0.1529512,1.1433561,-0.12321736,-1.3168741,-0.6457822,0.3565995,0.06866802,-0.2345182,0.102460444,-0.04964658,-0.023762658,0.20969515,-0.113181174,0.13496858,0.25981015,-0.087374024,-0.057836354,0.0049893777,0.107102156,0.05662704,0.065968394,0.067953095,0.14897716,0.08798072,-0.022716451,-0.022736132,0.057113558,-0.08858819,0.08015369,-0.055297807,0.22549102,0.13478366,0.19635658,0.022522256,-0.049815834,-0.02731134,0.0042099208,0.2444615,-0.03738366,-0.07925951,-0.06875861,0.02396397,0.001868574,-0.0067048706,-0.08034019,-0.025268845,-0.12977006,0.048955597,0.0077372305,-0.01786793,0.0012216493,0.0061350837,-0.015962562,0.08510466,-0.083800584,0.006959334,0.047318827,0.006557888,-0.008316115,-0.13269825,-0.019718705,-0.015307175,-0.14645615,-0.047918912,-0.061009467,0.027551845,-0.0251363,-0.035378948,0.02301205,-0.069921404,0.71392083
1099786,-1.0707428,-1.7404171,0.2710566,-1.5170912,-1.51725,-0.6439504,-0.055487424,0.025380775,0.22876443,0.1141606,0.53615,-0.110266075,-2.3987756,0.65710205,0.104645476,1.0147259,-0.34670556,-0.6287953,-0.07968553,-0.7703069,-0.13896617,0.0684987,0.19511577,-0.46268874,0.56078935,0.7845494,1.1745994,-0.34832367,0.050165772,-1.5270385,3.4495533,0.39362073,0.13857119,-0.5167061,0.33369863,-0.013684735,-0.11513947,0.4179451,-0.32412,0.131331,0.39908415,-0.02831076,-0.27247307,0.17925285,0.08593806,0.14073195,0.04968085,0.16970068,0.22355568,0.18146624,0.00851696,0.008605925,0.15769452,-0.23558822,0.14187048,-0.104448244,0.51652455,0.22490452,0.44569072,-0.00394593,0.06601953,-0.056155838,0.066395566,0.48883593,0.0033357292,-0.1293623,-0.06929679,0.030956533,0.038969595,0.00013787579,-0.05321804,-0.046145953,-0.13383722,-0.029563468,-0.07983631,-0.01204966,-0.029059999,-0.028362691,-0.04579894,-0.039250392,-0.12529434,-0.004253149,-0.05035147,-0.009958831,-0.041577794,-0.08788085,-0.024389701,-0.019481624,-0.21957889,-0.060596377,-0.110060394,-0.032505084,-0.022958253,-0.008192509,0.06440201,-0.14493807,0.25024903
